<?xml version="1.0" encoding="UTF-8" standalone="yes"?>
<addon id="service.subtitles.a4ksubtitles"
       name="a4kSubtitles"
       version="93.21.1"
       provider-name="Lumina">
    <requires>
      <import addon="script.module.requests"/>
      <import addon="vfs.libarchive" optional="true"/>
    </requires>
    <extension point="xbmc.subtitle.module" library="main.py"/>
    <extension point="xbmc.service" library="main_service.py" />
    <extension point="xbmc.addon.metadata">
        <summary lang="en">a4kSubtitles - Multi-Source Subtitles Addon</summary>
        <description>
Multi-source subtitles addon.
        </description>
        <platform>all</platform>
        <reuselanguageinvoker>true</reuselanguageinvoker>
        <license>MIT License</license>
        <assets>
            <icon>icon.png</icon>
        </assets>
    <news>
[v3.21.1]:
  * Dynamic AI subtitles translation from English to the selected Preferred Language in KODI's settings
    * Requires API Key
    * Currently only OpenAI and NexosAI backends are supported
    * For NexosAI model should be specified by ID, not name
    * Turning AI translation on - disables usage of embedded subtitles
    * Currently only supported when using auto-search or auto-download feature
        </news>
    </extension>
</addon>
