<?xml version="1.0" encoding="UTF-8" standalone="yes"?>
<addon id="sparknv.repo" name="sparknv" version="1.0" provider-name="sparknv">
    <extension point="xbmc.addon.repository" name="Sparknv Repository">
    <dir minversion="18.9.701" maxversion="19.5">
        <info compressed="false">https://raw.githubusercontent.com/Spark-NV/repo/main/repo/addons.xml</info>
        <checksum>https://raw.githubusercontent.com/Spark-NV/repo/main/repo/addons.xml.md5</checksum>
        <datadir zip="true">https://raw.githubusercontent.com/Spark-NV/repo/main/repo/zips/</datadir>
    </dir>
    </extension>
    <extension point="xbmc.addon.metadata">
        <summary>sparknv</summary>
        <description>just my personal addons customized</description>
        <disclaimer></disclaimer>
        <platform>all</platform>
        <assets>
            <icon>icon.png</icon>
            <fanart>fanart.jpg</fanart>
        </assets>
    </extension>
</addon>
